0,"2,092","6,748",129K,2022-05-31 18:17:23
8792970224254088345,"1,951","2,727",33.4K,2022-05-28 18:00:00
-7071670411115621305,"8,890",29.1K,623.7K,2022-05-16 19:27:16
-2910861228804034954,"6,222",24.8K,330.7K,2022-05-12 17:54:32
-388914527668819165,"5,081",14.5K,425.6K,2022-05-09 10:32:07
157656868381840580,"2,279","4,627",69.4K,2022-05-03 17:00:01
-3340839751007291397,18.7K,94.9K,2M,2022-04-30 09:51:13
-7706722636348139004,"6,535",24.9K,345.7K,2022-04-28 20:56:55
,91.7K,230.9K,1.9M,2022-04-18 18:23:06
6216934238048586664,12.6K,78.6K,768.3K,2022-04-17 14:26:05
8884319369922793814,"4,902",13.8K,253.7K,2022-04-07 20:10:05
5709004832943396095,"6,469",22.6K,422.4K,2022-04-03 13:17:37
6976812451496354203,"5,046",19.3K,321.9K,2022-03-30 09:51:53
-225610717176510676,"1,930","4,930",72.9K,2022-03-26 09:00:02
-5728573830865242931,"3,490",14.8K,189.2K,2022-03-24 22:59:10
8572484395105454629,"4,990",19.5K,403.4K,2022-03-19 16:15:54
6425078932126474859,"6,150",23.4K,333.6K,2022-03-14 17:41:21
-4756100212593023322,"8,129",50.1K,597.3K,2022-03-13 09:58:16
1978031249923529742,"6,553",15.8K,325.1K,2022-03-01 16:56:17
-5331830063285789577,"5,950",17.3K,272.8K,2022-02-22 19:14:19
3890870294168954298,"3,934",16.2K,240K,2022-02-20 18:11:07
4973466874561360914,"8,666",40.3K,368.7K,2022-02-15 22:21:05
7619074285924244169,"4,749",15K,303.2K,2022-02-11 18:59:28
-2811794569415189054,"5,258",31.7K,416.7K,2022-02-09 16:02:29
-1845630114301306559,11.3K,40.1K,470.9K,2022-02-05 22:50:38
-6793957876856841826,"7,814",54.9K,646.6K,2022-01-30 12:20:05
-4974068915116980872,"4,236",17.8K,299.6K,2022-01-29 09:30:33
-4150072656746352718,"1,601","5,189",69.1K,2022-01-28 22:06:56
-3821207967726305560,"6,587",24.2K,528.3K,2022-01-26 14:10:09
7633944213573494237,"6,753",22K,398.9K,2022-01-25 13:44:03
2044204525375770726,"4,767",16.2K,260.3K,2022-01-19 22:38:01
8953161053824204537,"6,352",19.8K,330.5K,2022-01-17 13:59:21
-1424176971363646942,10.1K,23.2K,516.3K,2022-01-11 11:25:30
8386866759300426137,"2,275","3,043",45.3K,2022-01-02 17:55:48
-3695208976513403923,"3,300","9,098",219K,2021-12-31 12:06:13
1866482741817104027,"3,972",16.9K,223.3K,2021-12-30 22:28:41
2896802181971078477,"2,413","5,553",97.2K,2021-12-29 19:00:00
6201100124765160804,"5,351",23.8K,356.6K,2021-12-24 22:02:32
-1269679430156156862,"1,239","2,722",45.2K,2021-12-23 19:31:21
820623310772283666,26.8K,15.4K,307.7K,2021-12-20 19:25:53
-224845963913482270,"1,340","8,620",96.1K,2021-12-19 10:56:47
8395953420498343964,"1,175","4,658",60.2K,2021-12-18 10:39:17
-2643987013657387723,"4,335",19.2K,235.5K,2021-12-11 20:06:50
483488545393666994,"3,764",21.6K,303.6K,2021-12-07 16:09:03
-1287415175238478612,"2,183","4,314",68K,2021-12-06 18:00:02
5176010676818057736,"6,178",38.6K,272.7K,2021-12-03 16:05:15
9217287946923293282,"2,103",17.6K,270.7K,2021-12-03 10:58:59
-5769739748082818375,"5,808",27.6K,299K,2021-12-02 23:25:13
-2072523981765168912,"4,763","5,577",96.7K,2021-12-01 14:16:02
4511758173178616253,"5,886",18.2K,295.6K,2021-11-30 15:10:23
8999712318832198284,21,71,517,2022-05-21 19:47:57
1363642556614503461,5,32,254,2022-05-21 19:15:47
-3179626087512732028,9,17,210,2022-05-19 17:32:12
-3111678637444673378,216,"1,718","4,520",2022-05-16 19:05:02
1046080556058921478,24,16,369,2022-05-14 16:01:31
7855211740319047378,167,627,"4,650",2022-05-10 16:04:37
-6571032263241774407,150,"1,836","9,352",2022-05-01 19:00:38
-9123802187503444544,14,31,389,2022-04-26 16:00:05
2197079610340390336,8,15,243,2022-04-22 16:00:04
8047533765716612670,11,17,212,2022-04-14 19:50:51
-6909935238236661072,4,6,105,2022-04-14 19:50:53
687038108734396347,3,3,65,2022-04-14 19:50:56
9221667878523631397,3,3,34,2022-04-14 19:26:02
-4845781427678930156,5,45,424,2022-04-12 16:24:59
-9204332112995410129,21,72,605,2022-04-04 16:13:58
-4891967573478138317,22,118,987,2022-03-30 18:33:11
-4703978242035462491,29,57,794,2022-03-14 20:35:29
-4386633944839685973,45,54,606,2022-03-05 18:37:20
2782090667575990098,22,62,849,2022-02-24 17:49:01
-2997559266817198308,12,58,883,2022-02-21 20:17:29
-3736863070113172643,332,"6,943",16.4K,2022-02-16 16:46:02
4008087477261331407,17,69,"1,043",2022-02-16 00:24:31
5503804506000676099,18,170,"1,439",2022-02-14 22:42:23
-163920298961234241,117,299,"1,144",2022-01-24 20:00:00
6209371778065987053,31,169,"1,228",2022-01-20 18:33:16
-3357113440705424357,57,"3,008",22.4K,2021-11-29 20:25:54
-6659855158718869875,21,18,279,2021-11-20 20:05:37
-7038601194202832228,7,26,368,2021-11-09 19:42:55
-5699243184388479456,17,101,924,2021-11-08 15:01:19
510735207438557507,22,101,961,2021-11-05 17:31:34
-3329277818389174527,4,56,425,2021-11-04 15:04:03
9027124316147097436,8,56,663,2021-10-30 14:01:44
-5467505715918867229,4,21,164,2021-10-26 16:10:40
-5576535623582142569,38,107,735,2021-09-22 14:31:31
-1400282475755438332,88,18,236,2021-09-22 14:31:31
-4113968345697782908,60,"1,085","5,596",2021-09-01 20:47:45
-2110855018818120059,29,40,490,2021-08-12 14:01:22
-4560020002845461158,4,21,243,2021-08-11 18:25:06
-411294109025368293,47,110,"1,714",2021-08-05 14:45:31
-1214055769710273750,18,91,936,2021-08-02 15:29:09
-2867979555503578444,37,94,921,2021-07-15 16:22:44
2808326085510301832,242,799,"2,430",2021-07-12 01:14:06
-7894890712593393115,16,65,547,2021-07-09 18:01:48
-2357716330523268856,254,956,"3,283",2021-06-17 14:14:55
6875302437687971498,90,143,"1,203",2021-06-16 14:19:46
4596691461865536863,9,7,67,2021-06-16 14:21:25
-4447790884951120435,13,230,"4,342",2021-06-12 21:49:41
-3822106306371321885,35,343,"1,858",2021-05-29 20:57:20
-8780072272362973229,17,38,362,2021-05-28 13:45:27
-221306523797268017,18,170,"1,547",2021-05-26 16:08:28
8581243936095200429,5,10,51,2022-05-31 21:45:35
-5822259442249134945,5,2,62,2022-05-31 20:10:14
1920927392989320645,167,816,"7,848",2022-05-31 17:56:34
4663017949754898162,4,3,88,2022-05-31 17:50:55
7600644551592379976,0,4,23,2022-05-31 17:41:30
1633741227656897757,13,70,409,2022-05-31 17:22:24
-3287237529239181024,0,3,16,2022-05-31 17:19:25
-1493386456233882602,17,24,112,2022-05-31 17:11:32
-2655339727901811940,2,8,145,2022-05-31 16:56:53
-6535852393223918135,15,240,"1,058",2022-05-31 16:11:41
5260398825463524754,20,147,"1,515",2022-05-31 15:39:48
-7428451424589090753,10,27,291,2022-05-31 14:41:19
4042845496018658799,5,4,27,2022-05-31 14:38:40
-9013796411156118573,1,17,28,2022-05-31 14:18:48
-8893467421185486557,466,"8,222",25K,2022-05-31 12:14:26
7568710728414281520,8,10,119,2022-05-31 14:06:15
-2049187854194280868,6,4,86,2022-05-31 14:03:03
-5349760994761118623,7,17,98,2022-05-31 13:41:17
-4980807141721804269,29,91,852,2022-05-31 12:38:06
-7383433507298651059,205,575,"3,836",2022-05-31 12:10:04
-3039154027467887396,10,8,224,2022-05-31 01:16:51
6651173628926821380,15,16,483,2022-05-31 00:41:09
-963055674674188062,4,3,95,2022-05-30 22:53:06
6572190448273765421,9,29,356,2022-05-30 22:48:45
-3509641868594271840,2,3,32,2022-05-30 22:45:04
9067794313524144566,11,7,158,2022-05-30 22:07:07
-7167834707149770593,26,16,136,2022-05-30 22:01:22
8679939346156770091,0,3,14,2022-05-30 21:45:29
5955597989379195322,421,"4,370",34.4K,2022-05-30 19:40:56
-7348466563429240162,6,5,84,2022-05-30 21:24:45
-8924779150352234291,12,17,549,2022-05-30 21:10:26
5909689870222546813,0,10,88,2022-05-30 21:07:00
-1621715194600400771,18,8,179,2022-05-30 20:50:42
9212479185803730066,12,98,140,2022-05-30 19:39:01
-2523480857458918994,109,"3,707",17.8K,2022-05-30 19:22:10
-3620767948255135756,13,11,255,2022-05-30 18:34:43
7488775397074907351,2,5,22,2022-05-30 18:02:59
7642928501614978597,10,3,152,2022-05-30 17:55:23
-2312190464624333122,247,"2,026",40.1K,2022-05-30 13:15:08
7620537699221621502,1,6,112,2022-05-30 13:28:02
818447586891114738,30,13,375,2022-05-30 12:40:57
-6858927129916333761,17,12,158,2022-05-30 11:02:20
-1736517839989071733,13,16,269,2022-05-30 10:36:32
893123801285704584,0,2,5,2022-05-30 10:28:17
-5243152897426189717,94,105,881,2022-05-30 08:45:49
-232535408495709191,4,1,48,2022-05-30 08:06:19
2531053958132670258,6,4,69,2022-05-30 07:58:22
3063573213157121569,12,5,200,2022-05-30 07:47:19
-638121093097176333,8,8,127,2022-05-30 07:19:21
3835769957310329287,8,48,344,2022-05-30 00:02:23
-8546366911877738336,48,14,417,2022-05-29 23:42:36
-390838243411692387,"3,108",13.7K,43.4K,2022-05-03 04:02:37
-6518380872908972279,399,"1,253","8,080",2022-05-31 16:02:31
-2920398621410213099,20,211,"1,896",2022-05-31 16:02:32
-6650524292435900595,37,209,"1,720",2022-05-31 16:02:33
4905809145201211419,49,484,"3,837",2022-05-28 15:07:36
-2769497819278716295,573,"2,553",21.2K,2022-05-29 16:09:07
-7829375135014648212,49,436,"2,974",2022-05-29 16:09:07
-4987947871311481936,49,233,"2,441",2022-05-28 14:51:45
3854756363058678507,479,"1,517",13K,2022-05-28 20:04:13
3693925704994606465,"1,077","4,284",33.4K,2022-05-28 16:43:20
1060522168587559222,268,"1,854",10.2K,2022-05-28 01:46:01
1312925475670528832,"1,582","2,520",15.9K,2022-05-28 01:03:52
-5177389333465199610,907,"6,133",40.3K,2022-05-27 04:02:13
-8853672209219159842,83,264,"1,986",2022-05-19 20:25:27
4873199959133908481,"1,236","2,336",15.8K,2022-05-20 13:25:47
6918460744643824239,445,"2,646",14.6K,2022-05-19 13:26:45
-3179182146601911316,"3,263","6,290",30.4K,2022-05-16 14:04:14
6771802224429911120,438,"2,579",15.6K,2022-05-13 20:53:19
7457768754455588526,162,506,"6,320",2022-05-11 23:47:16
-6165671614793481201,887,"3,443",24.9K,2022-05-12 16:02:47
-986001410454522878,288,510,"3,579",2022-05-11 16:54:02
1181169739391655596,103,540,"4,502",2022-05-08 14:55:05
-389307284874158808,87,"1,303","9,953",2022-05-06 18:02:29
-7945412039311792664,647,758,"7,072",2022-05-10 16:39:33
-2508142254284394072,81,"1,460","4,978",2022-05-08 23:00:01
-3776653650769020931,507,"1,378",10K,2022-05-09 21:21:10
-4113153510562501497,"1,093","3,555",28.8K,2022-05-08 19:08:35
8337366819295840766,"1,063","5,196",40.5K,2022-05-08 16:27:53
5469665750219789391,68,760,"6,710",2022-05-08 16:27:55
-3873562676301536709,152,774,"7,065",2022-05-08 16:27:55
2808435437820947916,517,"2,450",17.9K,2022-05-07 21:50:46
5511141288588872885,"1,256","6,737",26.4K,2022-05-07 19:10:43
533583542462387728,150,"1,387","9,427",2022-05-07 19:00:36
6737227050743638110,129,"1,258","8,081",2022-05-07 18:59:41
5115795589598376781,88,"1,084","6,548",2022-05-07 18:58:55
-675261834959185021,110,"1,325","6,821",2022-05-07 18:57:32
7868959847926135169,135,"1,343","7,216",2022-05-07 18:55:43
341306163608757702,132,"1,328","7,450",2022-05-07 18:53:09
-9138947925146556289,291,"2,170",15.5K,2022-05-07 18:52:07
3191874056710509741,86,362,"3,277",2022-05-06 16:26:07
3012292389182043222,43,452,"3,977",2022-05-06 15:40:50
3388601898166968567,85,881,"6,324",2022-05-05 12:05:52
8268782951218676654,583,"2,652",13K,2022-05-06 22:03:56
895445387835798976,"1,517",11.7K,36.2K,2022-05-06 16:02:01
5960047588743513910,"2,004",13K,45.9K,2022-05-05 19:28:23
6331400621689455980,324,780,"6,268",2022-05-04 16:25:09
-2525002655462583236,997,"1,748",16.1K,2022-05-05 02:40:25
-1281454545644704527,588,"3,646",18.7K,2022-05-04 16:07:23
5430322540724470644,117,"2,626",14.2K,2022-05-03 06:13:31
-4126368042864287854,"1,160","3,959",23.6K,2022-05-03 01:33:24
2171448733620657450,"1,006","4,039",22.2K,2022-05-02 22:17:07
-6926409523422045704,49,700,"2,785",2022-05-30 16:59:14
870298288930698271,323,"6,304",12.6K,2018-06-25 21:03:20
-9192267690334660601,418,"8,835",42.3K,2022-05-29 10:52:37
-6224902396280590793,140,"2,928",10.5K,2022-05-28 21:40:03
-8367403807487320910,22,744,"6,608",2022-05-25 20:57:25
-7232987549022750395,6,3,36,2022-05-24 14:38:57
-663260034118109737,3,27,172,2022-05-14 19:15:11
6135402044610702949,21,307,"1,980",2022-05-13 11:55:45
-7285557314311569486,318,"1,532","4,662",2022-05-08 17:07:39
-5512297454176064237,583,18.4K,72.8K,2022-05-06 14:26:57
-3142627090751663679,89,"2,389",12.6K,2022-05-05 21:26:23
8319580033117614513,2,180,647,2022-05-05 21:33:56
8899700907356280954,64,894,"3,670",2022-05-05 08:56:38
-8690595049359939367,"1,262",33.4K,147.9K,2022-05-04 22:19:31
7107602845269504920,58,"3,562",12.9K,2022-05-04 21:44:45
8361716815284665326,103,"4,075",18K,2022-05-04 21:56:21
6457110928131521664,55,"3,651",20.6K,2022-05-04 22:34:26
166941064553056102,"3,302",33.1K,182.9K,2022-05-04 21:36:14
-2396526799050791770,31,"1,884","7,387",2022-05-04 21:31:10
8834858693845108538,11,146,"1,052",2022-05-04 22:18:07
2612890517297087958,23,"1,579","6,067",2022-05-04 21:50:55
-7823863284434389314,14,194,"1,983",2022-05-04 21:54:36
-7571439313825629592,"1,299",48.6K,225.9K,2022-05-04 21:39:45
208519969933011686,"1,288",40.8K,234K,2022-05-04 21:47:24
9053691198374482510,669,24.7K,92.7K,2022-05-04 21:36:47
5899559718739163990,34,615,"2,592",2022-05-03 18:36:33
-1579693459371998362,394,"2,703","5,411",2022-05-03 16:27:23
-3210816079364444680,10,347,"2,799",2022-04-30 16:14:48
-5869075306462415722,"1,910",68.2K,238.9K,2022-04-30 16:10:53
5128186005217710728,99,754,10K,2022-04-24 21:07:45
-6061504930934424228,50,261,815,2022-04-24 18:55:37
-1710259597966523522,26,"1,281","2,642",2022-04-24 16:47:26
4981243512919124995,26,103,360,2022-04-24 06:08:08
7186086081491146551,120,"1,401","4,057",2022-04-22 19:32:51
-6602149243108314578,63,684,"5,580",2022-04-22 18:00:00
2559980919184783796,"3,184",17.3K,123.7K,2022-04-17 21:00:18
-2606877246769960309,3,15,76,2022-04-09 09:43:30
-6332058135885017067,0,1,13,2022-04-07 12:48:32
6895222526109130762,181,"3,075",22.3K,2022-04-07 08:44:07
-650924727043735439,373,"9,679",31.6K,2022-03-30 20:13:27
-7902673982069622921,138,816,"9,040",2022-03-27 17:05:33
-928092430183569519,75,897,"2,399",2022-03-25 20:11:44
1020380662848898019,"1,249",11.4K,71.8K,2022-03-18 11:11:20
246411549080948732,8,441,"2,468",2022-03-09 22:46:39
-1233606088198947394,772,"2,678",39.1K,2022-02-15 23:54:06
-2222794541611969182,11.4K,64K,411.6K,2022-03-09 22:24:54
-8895497916844133952,"1,182",48.2K,178.3K,2022-03-09 21:58:35
-8351687255925238440,807,21.6K,95.2K,2022-03-09 21:54:30
-8123723012781566134,13,73,572,2022-03-07 22:35:55
2223317695154622274,0,20,108,2022-03-06 16:46:43
5249884167019057437,1,39,35,2022-03-05 22:12:08
7656068183642778179,30,532,"3,688",2022-03-05 16:28:28
-3328436338197152172,"6,890",171.6K,279.2K,2017-03-09 09:58:48
-3537558012964347296,4,33,365,2022-05-31 10:15:49
7451982133724261769,40,156,"1,617",2022-05-31 10:14:53
-573550987774126695,3,24,188,2022-05-18 15:00:18
-3221373086662433154,38,409,"2,796",2022-05-03 16:57:26
4599156476351278414,71,208,964,2022-05-02 20:53:33
-8706676482718051074,7,11,144,2022-04-22 11:15:54
-8107727178151119848,7,14,131,2022-04-13 12:59:49
-5712183935786757195,12,18,162,2022-03-15 10:30:00
340738689855116471,11,27,87,2022-03-02 10:14:14
-4972773739454042805,16,15,130,2022-02-22 14:00:11
-3382702824831204366,4,28,245,2022-02-20 09:30:00
5860731747468549690,8,26,201,2022-02-04 14:00:02
8710606507119654569,38,859,11.9K,2022-01-18 09:42:00
7332888598855593765,36,375,"2,428",2021-12-07 12:49:30
-1794353857000014677,12,42,330,2021-12-05 12:39:54
4050642791970699884,4,25,120,2021-12-04 14:00:01
-2504505047051082243,28,110,879,2021-11-12 21:51:53
-3796666609622712260,37,33,265,2021-08-14 08:00:01
1379866271010611541,6,29,252,2021-08-11 10:00:01
944171775738919180,29,51,680,2021-08-09 15:40:14
-8889066806356863470,14,13,148,2021-07-30 10:25:43
-6224905379152755519,6,10,72,2021-07-29 10:25:09
1398323492526438612,128,"5,769",39.4K,2021-06-17 11:36:29
-5367704624095672978,69,168,"2,048",2021-05-27 15:06:03
2637329659566683722,7,87,473,2021-05-26 10:00:01
576968009090498842,17,156,"1,102",2021-05-25 15:52:00
-4399673084637907487,9,58,945,2021-05-24 13:16:51
-2837312332142145225,7,32,731,2021-05-23 15:40:33
7934869776706664302,4,88,446,2021-05-22 22:37:41
-3662964981276432695,26,148,"1,857",2021-05-23 09:50:00
-8872215151010654592,86,494,"6,420",2021-05-23 09:46:36
4488466090480629648,11,129,"1,518",2021-05-19 16:26:11
5016006210602298572,49,599,"2,453",2021-05-18 11:57:00
4887462504776809299,9,28,535,2021-05-17 21:04:48
7954235842009333839,26,165,"1,012",2021-05-15 20:47:07
-2432237159739826006,40,334,"1,411",2021-05-15 20:37:03
-5330701663200014819,32,25,254,2021-05-04 20:59:17
-8651739140403297827,12,16,95,2021-05-04 20:30:38
-1043936841889709985,34,39,384,2021-05-04 19:55:36
862783961728208224,10,31,244,2021-05-04 19:00:47
-3043494782833268273,14,42,411,2021-05-04 18:51:43
-265100843127188452,5,20,199,2021-05-04 15:24:48
-2861983580617741437,67,156,"2,000",2021-04-29 07:36:17
2364278188665269374,8,67,281,2021-04-26 10:00:00
3002954068182242607,16,157,862,2021-04-18 18:51:24
2929800845254867473,22,289,"2,957",2021-04-03 21:47:41
3137263440633808170,93,"1,370","2,323",2021-03-26 11:05:17
8772869253153688450,20,186,809,2021-03-21 12:51:03
360744956526545916,55,167,"2,269",2021-01-13 22:48:18
5135409263900444264,33,174,"2,383",2020-12-10 19:52:22
8836571709900632586,12,31,291,2020-12-10 17:07:11
-712052980611569062,2,7,33,2022-05-20 19:32:00
-3084178746800406336,1,1,11,2022-05-20 19:30:23
-3264179747885078753,0,2,14,2022-05-20 19:27:50
-1589482711014154253,7,12,54,2022-05-02 17:38:31
-900203634928764523,6,4,17,2022-05-02 13:24:20
-2161690577146817196,15,30,112,2022-04-23 15:16:23
-6520648004321230394,8,18,49,2022-04-22 16:28:26
-6650694551542669513,14,22,38,2022-04-20 12:54:19
-3131967760901203708,73,289,227,2022-04-20 16:04:54
2147010334370433715,7,10,26,2022-04-18 15:27:03
1032437288307156627,7,54,96,2022-04-17 20:32:06
-4183499435136348016,8,10,38,2022-04-15 00:40:45
794548341438896970,61,156,197,2022-04-14 23:41:56
6607671869049376698,8,9,38,2022-04-14 22:29:57
8294922486582330391,134,308,518,2022-04-04 17:31:29
-8947728827498470237,7,11,56,2022-03-22 20:17:22
-4008596796949699762,44,113,290,2022-03-19 00:21:44
-8013830612764730009,18,23,849,2022-05-28 17:23:30
8527879168444874577,14,33,748,2022-05-28 03:25:27
5980445970191308451,20,73,"1,029",2022-02-08 20:50:43
-6807759275646587433,90,377,"5,993",2022-02-08 05:53:48
-1624237688347883695,54,619,"6,116",2022-02-06 04:52:16
8009758616776476931,103,505,"9,051",2022-02-04 21:02:53
-1008826903277619914,35,132,"2,158",2022-02-03 18:27:58
-8652023378627312111,81,223,"3,158",2022-02-02 16:13:12
-5754248749344856764,27,246,"1,228",2022-02-01 02:56:43
3929964761164929932,17,23,685,2022-02-01 11:30:22
-7601552121959091654,15,70,823,2022-02-01 01:26:47
2746014992508951196,107,326,"4,597",2022-01-30 16:43:36
932046467492686939,80,432,"3,892",2022-01-26 03:35:43
-4041794067244218595,19,81,"1,000",2022-01-24 19:02:34
5463047893122138659,57,211,"2,258",2022-01-23 16:36:15
2215901311852001916,35,177,"1,709",2022-01-22 18:27:20
-4838787602406009775,40,144,"1,974",2022-01-19 06:51:58
-2099676783577062273,78,171,"1,854",2022-01-15 20:56:42
-1390241616004353029,39,58,784,2022-01-13 17:26:23
7654996858873021865,164,193,"3,381",2022-01-06 21:38:09
-2704745357390845916,11,25,611,2022-01-01 01:45:07
-5247889324010866096,11,18,260,2021-12-28 02:30:54
2244592723765849128,10,21,592,2021-12-25 18:04:49
-6133216197637919157,28,43,845,2021-12-20 19:53:46
5306497564136945931,24,59,842,2021-12-17 20:04:45
-4473330429927124845,10,59,679,2021-12-15 18:48:27
-5737086009041665457,32,42,832,2021-12-12 21:07:20
-3082907292010348583,32,76,"1,429",2021-12-10 20:44:49
4206737266120699058,34,215,"2,835",2021-12-09 18:13:48
-959585025688263621,21,24,964,2021-12-07 14:16:28
5621883762032831861,5,16,444,2021-12-06 17:12:07
7498433679344962976,10,66,"1,000",2021-12-05 17:05:08
2762269365701795068,10,32,417,2021-11-30 20:31:55
-1399218311237914530,11,27,802,2021-11-26 02:48:25
-3776662806829977578,15,58,"1,426",2021-11-24 19:41:04
-6658058312653435595,16,137,858,2022-05-30 13:27:11
5025802677019263007,4,3,73,2022-05-30 16:25:07
-9165068876467809061,7,4,25,2022-05-29 00:54:33
6870283320469418310,29,122,"1,719",2022-05-26 18:02:43
6569289918116502008,20,43,879,2022-05-26 17:35:35
7149045122706154171,45,75,"2,089",2022-05-25 23:50:26
-6641366648872072614,0,2,12,2022-05-23 15:22:07
-2084717568810406812,0,0,29,2022-05-23 00:59:17
7819605279822667368,5,26,39,2022-05-18 23:13:36
-9094040975466772597,5,39,410,2022-05-12 14:37:00
-4629765179806906308,40,93,788,2022-05-06 19:01:48
-3214372431745115948,3,12,67,2022-05-05 21:15:00
-7696359371846905765,8,5,144,2022-05-04 15:53:00
5915382157132555383,5,77,570,2022-05-04 15:05:28
-697134138316513771,0,2,7,2022-04-30 18:20:12
-2426684283743000331,219,109,"3,158",2022-04-30 00:30:49
612390091005292035,0,7,25,2022-04-26 17:12:36
1417586738734419183,48,38,162,2022-04-26 14:34:06
-2909312252676587839,39,69,"1,087",2022-04-25 14:14:23
-8014916365811024696,5,0,33,2022-04-21 21:37:22
-3563208743007701119,1,0,17,2022-04-20 00:37:13
-8593708514592356940,1,4,22,2022-04-17 00:16:00
6055535273962309424,16,78,276,2022-04-12 14:32:46
363850415815524856,4,0,68,2022-04-11 18:50:25
2686382028637366731,1,5,139,2022-04-10 05:03:57
-2452458304347002792,2,2,47,2022-04-01 19:54:57
9147487990042489115,3,2,43,2022-03-29 23:43:50
7841298002007656677,8,2,23,2022-03-23 17:57:09
-8722661284667452257,3,2,41,2022-03-23 00:31:41
3792838467525232778,3,11,106,2022-03-22 14:12:13
-1982347823968500304,5,13,195,2022-03-18 20:10:12
-3112026958061301148,18,20,139,2022-03-13 23:48:32
-1552353145245173458,9,51,616,2022-03-12 22:43:30
4392021726474537015,24,45,920,2022-03-12 20:59:24
-6826358119291933342,19,46,"1,064",2022-03-10 17:28:00
-8797715073305711019,31,33,701,2022-03-03 17:18:49
-8054380180107233201,7,3,160,2022-03-01 02:14:58
3380900544199530919,12,3,123,2022-02-26 18:29:18
-7618738847345546116,7,20,107,2022-02-24 17:18:23
-6071930448897437765,3,5,69,2022-02-23 15:36:24
4962105840641175345,2,0,16,2022-02-15 18:52:14
2075387912977733346,3,2,43,2022-02-14 20:37:00
-2563086842313011058,0,2,33,2022-02-14 18:33:20
3049520036218969214,4,1,33,2022-02-13 02:11:25
-6211661517957487883,1,1,14,2022-02-12 23:46:16
-1509837838311772947,11,16,498,2022-02-12 23:26:25
-5281326904130002768,5,2,16,2022-02-09 17:05:51
644782888212804102,15,6,132,2022-02-09 02:42:05
2933846649669116168,0,0,10,2022-02-07 20:06:16
-2146351321653654774,6,11,851,2022-02-07 02:15:38
4152921853861719311,6,23,166,2022-02-06 22:32:42
6388744159727963932,247,796,"5,561",2022-05-20 18:01:38
-280875649076208368,499,"6,673",34.4K,2022-05-17 22:30:57
3329220398095620778,654,"1,224",14.2K,2022-05-08 06:26:00
-7216926681273244961,769,"1,992",15.4K,2022-04-27 22:31:05
8128057323833696862,379,926,"8,976",2022-04-26 00:14:45
5926651907582219639,30,22,120,2022-04-24 17:38:54
6243742267964452518,"1,360","2,941",16.9K,2022-04-19 14:46:18
-6128809304128356389,458,671,"3,984",2022-04-13 16:27:48
-8309639833688505560,404,"1,625","8,933",2022-04-12 18:27:33
2325129455904406097,179,360,"1,416",2022-04-08 15:38:53
8127473871295981415,470,"1,478","7,690",2022-04-05 18:01:06
2528787002182157345,428,"1,559","2,512",2022-04-04 14:27:05
-1929731550774512080,"1,323","2,431",12.5K,2022-04-02 21:14:19
7537758865372764615,186,744,"1,239",2022-04-02 14:07:22
-1665112618838361111,149,166,641,2022-03-31 01:13:17
-7161401842067894918,203,152,"1,069",2022-03-25 18:45:57
4418017349064261450,262,"3,581",17.9K,2022-03-25 16:38:12
5579855622670197592,179,345,"2,084",2022-03-24 15:32:10
-3426729904110729827,49,40,278,2022-03-22 20:56:48
-7865425782269259217,268,"1,338","9,917",2022-03-21 23:30:57
-3343400853466303226,170,"1,183","6,254",2022-03-20 16:50:21
745929386486633416,429,"3,237",18.9K,2022-03-17 22:55:31
-7418262761701488723,267,966,"6,465",2022-03-16 17:33:25
-2414540037404752553,116,533,"4,419",2022-03-15 17:45:02
-1932825396043972812,184,531,"1,443",2022-03-15 16:21:16
81415296516947762,277,"2,416",17.2K,2022-03-15 16:28:54
5545195279453122239,"1,285",25.7K,150.9K,2022-03-14 21:07:41
7885116353416868758,190,"1,092","8,239",2022-03-13 17:46:05
8074465819816202343,290,"1,483",10.8K,2022-03-12 15:26:00
-7901053107825037389,104,189,"2,445",2022-03-10 16:34:50
5132327457199517150,175,497,"6,072",2022-03-09 23:51:52
-5199455722735911435,"3,478",14.2K,119.8K,2022-03-05 16:06:37
2957132150572411973,353,781,"9,045",2022-03-03 21:10:52
-5003408189613383670,322,603,"9,280",2022-02-28 16:03:00
1860583829710540107,136,124,695,2022-02-24 19:16:54
-8990048603608370526,216,"1,236","7,062",2022-02-24 16:02:44
1847379161581514157,210,"1,241","6,829",2022-02-22 16:02:59
2652687270717886522,520,"2,678",16.1K,2022-02-19 03:00:24
-8165578314966070536,48,61,364,2022-02-17 01:00:43
-3643976185845421375,314,"4,141",19.4K,2022-02-14 16:03:37
6453757957495009547,69,39,257,2022-02-11 18:06:59
787792093243542370,109,64,474,2022-02-11 17:03:31
-3959844253175934748,46,27,222,2022-02-09 01:07:59
-4563135587477693193,62,39,253,2022-02-09 00:53:42
1992584832088488496,16,8,82,2022-02-09 00:54:27
1982569545186281750,153,99,545,2022-02-07 20:03:18
-1076114837214839429,136,115,754,2022-02-07 15:39:50
-4684851098048438722,"1,118","7,283",44.6K,2022-01-31 16:30:14
-2377480532117234221,122,39,297,2022-01-28 19:28:50
-1417487658705283820,318,"1,825","9,301",2022-01-28 16:30:17
6162432129264073906,906,"3,149",17.4K,2022-01-26 16:30:20
4104955988972151286,210,144,745,2022-01-20 17:03:10
8896814248294731168,300,947,"6,044",2022-01-20 00:27:19
-9079746879006452029,701,"2,439",14.6K,2022-01-19 16:30:24
5609740469793038649,109,74,353,2022-01-18 02:41:24
-3158556842327693848,42,48,607,2022-01-18 02:41:14
-5011571975356912138,34,37,481,2022-01-18 02:40:54
3397544554266453248,506,"1,675",14.4K,2022-01-17 22:15:38
-188536412691026799,205,184,989,2022-01-17 17:40:19
-6624400050206792447,3,7,41,2022-05-31 20:40:00
1240526102935648309,13,33,353,2022-05-31 20:01:50
2959936776092088041,14,20,181,2022-05-31 19:00:01
-6000654385987086547,12,16,167,2022-05-31 18:23:17
8640533245184625437,33,97,836,2022-05-31 17:15:00
530963986906793202,1,14,64,2022-05-30 22:06:00
-8315690608638862688,38,116,957,2022-05-31 02:18:11
-4762914338060084756,48,78,988,2022-05-30 21:53:08
-7623180837802789146,40,104,770,2022-05-30 15:32:45
-3208780526473679392,10,26,188,2022-05-27 23:49:00
-7347032619102763612,38,84,"1,060",2022-05-29 21:00:01
-2483903806687333683,23,148,"1,629",2022-05-29 18:00:13
6475299647595673199,26,110,813,2022-05-29 16:59:26
-5166505408574105836,35,198,"1,572",2022-05-28 21:00:00
6608977888916164808,103,786,"4,821",2022-05-28 19:00:01
-7797297223354725191,19,87,815,2022-05-28 17:00:02
-1071113994125493090,21,24,234,2022-05-28 09:00:00
-3785206075812068814,58,214,"1,948",2022-05-28 13:00:00
693999321900616579,33,316,"2,098",2022-05-27 23:00:00
3739793238847662088,8,42,344,2022-05-27 22:17:22
-2646433858836862936,60,249,"2,868",2022-05-27 19:00:02
-2414266426490705538,8,41,397,2022-05-27 17:19:21
5521087744816705732,28,31,271,2022-05-27 09:00:00
-715995895983826675,53,136,"1,815",2022-05-27 15:00:01
-8299033773509817978,3,13,85,2022-05-27 13:00:00
-2230053886772285676,116,367,"1,824",2022-05-27 12:00:00
973202408906654936,40,198,"1,450",2022-05-26 22:58:37
-546130281417065245,6,18,135,2022-05-26 20:18:07
-6320377849177894560,48,112,"1,444",2022-05-26 21:00:01
2389095662893043672,30,118,548,2022-05-26 19:37:44
8064779767334221626,156,796,"4,660",2022-05-26 19:00:02
7193380053566792708,16,42,162,2022-05-26 18:01:00
7294468213770573398,28,167,"1,141",2022-05-26 16:46:18
-8795458385397325296,25,31,201,2022-05-26 07:00:01
-9058716735152256779,35,145,"1,175",2022-05-25 23:24:14
4989569528050238087,2,16,141,2022-05-25 18:43:59
-7997763750316801970,30,135,"1,272",2022-05-25 19:20:47
107062149024002243,38,54,558,2022-05-25 17:49:04
-5873922692868702659,89,204,"1,531",2022-05-25 17:00:01
3244410268463798244,37,129,953,2022-05-25 15:22:03
-3331283932743366853,30,87,715,2022-05-25 14:08:35
-1058092292610256099,20,35,313,2022-05-25 08:00:00
6595267627196852861,141,379,"2,940",2022-05-24 22:03:12
-8254379690689345126,129,362,"2,984",2022-05-24 20:42:58
-6692274499070397487,6,5,209,2022-05-24 18:15:44
-1692014397308537087,10,55,558,2022-05-24 17:30:31
6891908235106954815,7,17,217,2022-05-24 17:00:00
-6001258440065249110,44,136,"1,257",2022-05-24 01:56:57
-2350925241485284441,10,25,246,2022-05-24 01:12:51
-8259750778776119979,18,28,457,2022-05-23 23:07:03
402702932795875024,6,13,89,2022-05-23 21:14:23
9014081702339806018,49,295,"2,253",2022-05-23 21:05:48
7950707947634813470,422,573,"2,176",2022-02-04 16:46:50
69862643488616092,59,130,510,2022-05-24 02:56:07
-4395939028565170967,12,59,207,2022-05-24 02:56:20
-4783904069483607560,98,202,819,2022-05-21 16:47:43
7387023346194927668,89,179,758,2022-05-17 20:42:08
1073887234223700393,54,166,825,2022-05-13 21:55:45
-2677918623106287997,63,136,567,2022-05-13 19:27:32
6086465344176274301,48,144,601,2022-05-12 17:57:27
6385888010944121381,79,164,715,2022-05-11 17:00:34
5794740806133979194,75,183,734,2022-05-09 17:00:14
2343398102624380830,156,285,"2,018",2022-05-08 18:29:48
-3718812868528175474,107,238,"1,082",2022-05-05 17:00:00
8048442407137865292,141,266,"1,052",2022-05-04 17:08:19
827061313709379623,119,240,924,2022-04-22 17:04:52
-1442027026736352557,176,309,"1,147",2022-04-22 16:35:22
-965416048850578143,58,169,819,2022-04-20 08:00:02
-5311959523714183442,104,223,"1,338",2022-04-19 10:00:02
2620697336338093167,109,314,"1,117",2022-04-16 21:01:39
-1656896155376871269,150,280,"1,414",2022-04-13 04:42:45
8410849886833533458,74,236,991,2022-04-04 23:09:17
1853044034284471512,52,174,763,2022-04-04 21:29:00
8626773617344047804,76,227,"1,006",2022-04-04 20:17:20
-8908268527684949413,226,"1,593",14.7K,2022-04-04 04:21:03
-6130779994613389192,114,277,972,2022-03-30 20:40:21
9056560559258452366,108,259,"1,025",2022-03-29 18:17:33
8628595388961750669,179,424,"1,509",2022-03-28 04:11:06
8640145414214076085,116,242,923,2022-03-18 22:11:25
6892558685658441169,341,310,"1,520",2022-03-07 21:17:24
40046554640868879,62,161,736,2022-02-20 23:56:12
7488744766398389777,73,166,706,2022-02-18 22:46:38
8352357277502963375,85,206,859,2022-02-16 23:09:27
-7790504315788811838,82,226,883,2022-02-13 19:58:09
6836374152533827435,140,250,"1,449",2022-02-09 22:37:46
2583363692275089450,102,219,933,2022-02-07 18:23:56
-2793092449755402382,96,252,978,2022-02-05 15:05:01
-3783894919837668537,78,220,947,2022-02-05 04:03:42
8791163143499880971,152,231,"1,007",2022-01-14 19:48:54
2303964341374147118,153,383,"2,298",2021-11-24 00:52:56
-4805539194720097669,109,233,"1,211",2021-11-12 18:49:26
314219568337731044,18,80,362,2021-11-12 18:50:19
-292946483632678663,19,75,365,2021-11-12 18:50:20
-4285657430422559507,41,168,868,2021-11-12 00:45:42
-3366621914212429060,66,216,"1,565",2021-11-11 04:17:45
686686566413662432,89,168,765,2021-11-10 04:13:43
2594711675634786629,61,181,900,2021-11-08 20:24:07
-1925044843049783513,51,174,832,2021-11-07 19:37:59
1734229605561036502,149,279,"2,127",2021-11-07 04:26:13
-7301824984330081319,49,185,850,2021-11-06 19:04:44
4187160551937054328,51,169,"1,000",2021-11-05 22:42:05
-6093387578946264605,57,196,860,2021-11-05 20:33:01
-3415486666194756823,21,153,671,2021-11-05 20:18:34
8558227407651068871,52,209,"1,017",2021-11-05 19:20:15
5715461096783408146,84,236,935,2021-11-04 19:50:45
2327371458765407693,15,9,71,2022-02-21 22:51:35
-2042797461040309832,0,0,7,2022-05-31 16:02:51
6024949911557573825,1,5,18,2022-05-31 03:27:39
-2182438093115232513,3,6,65,2022-05-31 06:29:31
7560840592514866290,3,1,45,2022-05-31 04:02:42
4803023530055908840,3,2,8,2022-05-31 02:04:47
-8192057653035751860,0,3,10,2022-05-31 01:00:01
-9004540592386922213,0,2,1,2022-05-31 00:30:00
7173155648938438605,0,2,4,2022-05-31 00:30:32
-5870503390653205721,3,9,41,2022-05-31 00:25:13
7696892311019019630,0,2,10,2022-05-30 23:59:11
-2297030279500444041,2,1,89,2022-05-30 21:45:59
-5193841313890590769,0,5,18,2022-05-30 20:35:47
3661074520519647989,1,2,13,2022-05-30 20:16:20
-6583990864580518446,4,0,37,2022-05-30 17:05:58
-3960881378434112344,4,18,102,2022-05-30 15:13:02
-3043598814827897617,3,5,35,2022-05-30 03:37:57
-1054818904432365912,23,6,62,2022-05-30 03:48:57
-5533684921243563337,3,2,17,2022-05-30 03:43:36
-260100068407566135,2,7,84,2022-05-30 03:41:05
-5500899562042623651,185,378,"5,937",2022-05-30 03:37:09
8988274131977778061,3,7,86,2022-05-30 03:36:12
1750128851235807478,0,1,30,2022-05-30 03:12:38
7826745237205676870,1,12,63,2022-05-30 01:47:03
-3447808381652650203,29,22,62,2022-05-30 01:44:45
-1161895909655848660,0,0,4,2022-05-30 01:07:55
-1996486608776531179,2,7,64,2022-05-29 19:55:28
4250447377238119980,0,8,13,2022-05-29 21:35:22
-5621351647625446403,72,638,"8,166",2022-05-29 21:14:00
-6815898024536128406,"4,262",27K,203.1K,2022-05-29 19:35:42
-810154888535096029,9,6,109,2022-05-29 19:25:43
3492420354802775533,334,"2,178",19.1K,2022-05-29 16:05:35
877820626664330169,0,0,17,2022-05-29 19:11:30
-4692133284900017182,365,"2,761",34.4K,2022-05-29 16:06:33
-4312386546491383423,0,33,325,2022-05-29 16:53:30
35308770193624798,1,8,85,2022-05-29 16:16:32
-7823223303870201908,4,23,168,2022-05-29 16:02:40
5523564760408108234,0,18,84,2022-05-29 04:12:26
-8492574064891590928,2,4,36,2022-05-28 23:07:06
-2839570282818212280,4,10,159,2022-05-28 23:04:27
2873929855659369292,4,14,151,2022-05-28 22:59:32
-779680072339414107,"1,168",26.9K,200.2K,2022-05-28 21:56:48
4843088200047165717,894,21.7K,135.2K,2022-05-28 21:40:24
-432894331932864473,0,72,208,2022-05-28 21:56:10
3086353203336826220,3,2,77,2022-05-28 21:56:31
-4469207673455163935,1,11,91,2022-05-28 21:48:02
2457274471493423929,2,48,212,2022-05-28 21:21:45
-2532674675354554105,70,122,"1,811",2022-05-28 21:03:40
3494393545363613241,2,8,82,2022-05-28 21:03:30
-834056710434490173,1,7,47,2022-05-28 20:57:59
-7711455900210887834,4,12,276,2022-05-16 10:31:25
-7452478611308420507,7,5,137,2022-05-01 14:33:03
3757531375276377038,8,6,177,2022-04-24 16:08:24
3140922783716597626,16,24,439,2022-04-04 13:44:00
6997078766766956359,15,23,421,2022-03-29 13:35:03
2392515748731456515,15,47,823,2022-03-25 19:03:55
9008129755796987921,11,9,306,2022-03-19 18:26:21
-1574192888366897799,20,44,"1,055",2022-03-13 14:20:23
-5229445362213271282,19,17,407,2022-03-08 18:44:35
8747538316713629877,36,227,"2,104",2022-02-26 10:40:45
-3017152800933982458,8,16,288,2022-02-20 18:31:02
2783936381445610876,7,13,295,2022-02-19 17:38:08
8192759663904344842,20,27,414,2022-02-13 15:29:40
8205507306823144334,14,10,573,2022-02-09 09:03:00
-5184288294125146872,9,15,223,2022-02-06 18:36:26
3161314278001355428,8,13,235,2022-02-05 15:26:24
-1770064975587094564,12,24,565,2022-02-01 20:30:54
-4149160058093123689,16,20,695,2022-01-29 23:00:53
3216609288375488114,42,105,"1,959",2022-01-26 20:07:38
7443244391996071809,8,17,395,2022-01-22 19:56:52
-6973206778370669018,16,30,935,2022-01-21 19:21:15
-6501282345742854778,39,101,"1,891",2022-01-16 18:18:35
-4722591501404599619,7,17,285,2022-01-16 18:18:37
2327547357131366846,19,20,650,2022-01-15 21:19:34
1842769536370544219,192,"2,089",14.1K,2022-01-14 17:50:45
2345712166556424876,75,148,"1,651",2022-01-14 19:13:55
734363445170937080,8,20,254,2022-01-14 19:13:57
5270188227981104560,5,14,207,2022-01-13 15:55:36
1447562712990883737,17,49,"1,451",2022-01-12 09:55:31
587389100218097889,21,39,624,2022-01-10 18:35:10
8222486895512406439,21,10,236,2022-01-06 14:02:03
-2925905921956538610,18,19,262,2022-01-02 16:01:28
-3676433083789810228,8,11,331,2022-01-01 15:49:20
4086108029828941646,35,432,"6,879",2021-12-31 14:44:25
2368192228113210212,42,36,565,2021-12-24 14:20:00
-5253275369510154382,481,"1,388",20.4K,2021-12-14 12:17:27
-8056186814288598106,29,162,"2,044",2021-12-12 14:10:28
4931472307235844524,684,"1,887",23.5K,2021-11-26 21:31:52
7237983032304405794,27,39,"1,295",2021-11-25 20:53:46
8494664665045270222,29,60,"1,062",2021-11-24 04:14:20
-8988118011551277168,7,17,417,2021-11-22 20:02:49
6360010637931178481,7,24,497,2021-11-21 13:23:41
-1140081428762232531,57,45,968,2021-11-17 20:59:49
1535554944100170512,18,16,228,2021-11-13 18:33:48
6317877209343491904,20,57,861,2021-11-07 23:50:39
-7250077871411516134,12,27,537,2021-11-01 15:32:20
254652002344224149,20,31,407,2021-10-30 15:48:20
-2101198992885395597,16,27,657,2021-10-25 20:21:45
142393316199890469,7,18,439,2021-10-18 14:47:00
-3282315758608522416,7,22,427,2021-10-17 14:37:35
4545832275053159017,7,28,803,2021-10-14 18:17:28
7429444028520939582,31,63,299,2022-05-31 18:10:31
9011316128624232489,95,78,374,2022-05-31 16:38:26
-5250120062697637486,137,102,665,2022-05-30 14:53:02
5595860999179210588,242,305,"1,710",2022-05-27 18:01:06
-5585471949812362551,85,100,544,2022-05-27 16:28:18
-3332543335566165500,590,116,539,2022-05-24 19:14:48
-435144952126701634,242,102,789,2022-05-23 21:15:42
6470652004258797703,185,157,424,2022-05-23 12:55:00
-4418900609595864181,227,103,793,2022-05-21 19:03:46
5455147881739014981,234,242,"1,382",2022-05-20 16:27:50
-7600204676962249795,220,94,562,2022-05-19 19:25:40
5567576703182533977,110,79,441,2022-05-19 18:13:10
-1314766762857577618,692,393,"2,093",2022-05-18 18:53:40
5912007177533267253,221,93,642,2022-05-18 18:25:38
-2219593825612787150,365,273,774,2022-05-17 17:21:15
-6542001501035810750,172,118,909,2022-05-17 16:09:44
-634708405420975370,378,425,"1,907",2022-05-13 19:33:27
-3024120036522313993,102,70,485,2022-05-13 18:30:45
-7471623515191194342,414,341,"1,493",2022-05-12 19:24:48
-2553478659514870880,138,67,481,2022-05-12 18:08:31
-7657394337096281799,76,137,554,2022-05-12 16:24:39
-4448872529484095755,528,201,"1,112",2022-02-23 20:03:40
-7176276004074756641,76,49,320,2022-05-11 19:13:04
5498488504831020864,69,86,402,2022-05-11 19:13:22
-4823036558024444647,105,82,491,2022-05-11 16:13:25
-4855104142769802591,103,114,648,2022-05-10 21:35:40
-5114717785630208441,592,"2,628","6,381",2022-05-10 15:59:54
8405743651001081834,193,745,"2,438",2022-05-10 16:01:04
2687412553859697383,49,35,324,2022-05-10 16:01:30
288235863141481361,69,96,542,2022-05-10 15:12:50
7595117103194419807,100,92,690,2022-05-09 18:03:29
4393681349613381431,71,102,603,2022-05-09 16:43:34
6186071869430642864,59,64,176,2022-05-09 16:44:28
-2865837060777038980,614,"1,521","2,964",2022-05-09 13:26:15
3591017935097764409,165,179,"1,581",2022-05-08 16:04:05
4008542036086721678,240,275,"1,454",2022-05-06 16:07:49
8497811572441953336,127,74,522,2022-05-05 18:03:25
7634836355639390393,92,98,648,2022-05-05 16:36:15
-640229259619361610,137,82,559,2022-05-04 18:16:52
-8834277168075763119,70,81,449,2022-05-04 16:24:02
-8256427061293850836,"3,255",804,"1,193",2022-05-03 20:35:58
-2031762040053153271,660,27K,58.1K,2022-05-03 04:16:56
1872453524310379818,64,100,595,2022-05-03 02:39:54
-8611117947687810036,263,129,690,2022-04-30 14:30:04
5818303671740086528,91,80,440,2022-04-29 17:26:00
1736959894509971756,112,335,"1,509",2022-04-29 15:08:36
3387285230506477340,142,69,454,2022-04-28 16:35:43
7933548044922492248,407,448,"2,037",2022-04-26 17:16:32
-6693045057776520413,98,83,443,2022-04-26 16:13:00
-6769928099288133028,135,91,734,2022-04-25 18:02:37
-3747012014580192233,479,"1,618","6,409",2022-05-18 17:04:09
6498670031852071681,527,"1,230",11.2K,2022-05-31 18:28:36
2083362554141761144,95,159,881,2022-05-31 18:26:21
-1052870318901657170,239,417,"4,446",2022-05-31 01:04:40
2875456554484797278,497,729,12.6K,2022-05-29 18:23:33
-8692238560843597446,352,554,"7,234",2022-05-28 20:02:45
-9173904990735114518,245,750,"4,631",2022-05-26 18:54:17
5492388038577049585,18,164,"1,592",2022-05-26 18:54:18
132592152075801629,41,165,"1,616",2022-05-26 18:54:18
-3973805252833797434,213,592,"5,002",2022-05-25 22:20:18
-7748964975434822162,42,288,"2,395",2022-05-25 22:20:19
-5553607811466955246,87,349,"2,612",2022-05-25 22:20:19
5677439842363700913,70,211,949,2022-05-23 15:13:22
-5779821388473037426,334,360,"4,220",2022-05-20 18:06:22
-3726878159243512434,85,298,"2,614",2022-05-18 22:43:52
-4927462801532170064,10,31,220,2022-05-18 16:34:12
5573497172064499593,614,"7,377",18.8K,2022-05-18 16:02:00
3663041644751453840,23,169,964,2022-05-18 16:04:07
6199032728392331789,38,346,"1,838",2022-05-18 16:06:57
6163556979401679105,10,21,269,2022-05-17 16:20:36
901779677375349908,21,59,676,2022-05-17 17:04:20
8354929971845674708,8,33,302,2022-05-17 17:41:11
-5549071381606658816,282,440,"2,132",2022-05-17 16:16:10
-4397280149304481449,113,215,"2,216",2022-05-15 16:32:28
639015326091519440,1,40,346,2022-05-14 01:45:36
-8715394108786371323,22,31,302,2022-05-13 17:56:48
-3277538349598314420,19,34,309,2022-05-13 17:06:23
6076628476819689598,531,809,"9,667",2022-05-10 00:43:54
-1683433951490246456,465,983,"9,922",2022-05-08 16:53:03
-7989615640442342895,73,119,965,2022-05-06 21:39:44
597798193728229282,379,751,"6,447",2022-05-06 14:09:11
-4079317474849744510,84,312,"2,544",2022-05-04 21:00:43
4640102537486777548,33,94,552,2022-05-05 13:30:02
407668967437487382,104,257,"3,445",2022-04-30 17:22:37
-380892355298479113,360,809,"7,303",2022-04-29 23:15:03
7229512008144393807,636,628,"7,080",2022-04-29 18:06:11
9143244444611448532,50,238,828,2022-04-27 14:30:07
-8042649873328552423,67,183,"1,469",2022-04-24 17:00:00
4298374290249992682,600,763,12.5K,2022-04-24 22:13:04
-1129776411952269113,491,700,10.2K,2022-04-23 18:25:53
2491130850116449563,462,757,12.1K,2022-04-23 02:14:45
-7451496687856205364,245,343,"2,079",2022-04-20 19:14:04
-6691912948761452409,539,634,12.8K,2022-04-18 05:37:00
993786040616687959,475,599,"9,099",2022-04-17 19:35:08
-8554529231636459331,53,136,987,2022-04-13 14:03:17
-292658712778930212,56,280,"1,367",2022-04-13 14:04:53
-1137199901434375095,533,"1,051","4,144",2022-04-13 13:58:17
-4779457268819122752,410,381,"2,581",2022-04-12 19:50:57
-1702949154008366902,"1,314","1,416","9,260",2022-04-09 01:57:38
443436889177464487,126,315,"1,769",2022-04-08 14:59:06
653599161902542606,3,0,5,2022-03-29 17:30:12
-839945308184167725,3,2,23,2022-01-27 19:39:03
3448643288878170763,4,1,3,2022-03-01 11:27:33
2850435629942005912,9,3,12,2021-09-04 02:54:32
1045645210495636133,2,1,20,2021-09-03 21:46:22
-4434210876475556694,2,77,598,2021-09-03 21:12:34
-8543601200020785464,2,108,444,2021-09-03 20:58:59
-4467851465328930636,0,39,182,2021-09-03 20:21:38
-6844927719214397199,0,23,72,2021-09-03 20:00:00
2363224232448952450,4,6,18,2021-09-02 17:37:08
-6815875732725024195,2,2,5,2021-03-16 17:31:35
-2098595657351459360,5,4,45,2021-04-07 07:26:42
-3809815734476234573,2,1,18,2021-04-06 15:00:02
8039718662089422515,0,2,10,2021-04-07 00:00:09
-5612870951720173747,0,1,20,2021-04-12 21:06:28
3921530495815728601,0,1,5,2021-04-15 13:41:03
-2428317357438845829,4,3,36,2021-04-12 00:06:30
2546364033762431525,12,3,63,2021-04-06 07:15:39
8055480439385702213,2,5,44,2021-03-07 04:24:14
5037625715280995484,0,0,3,2021-02-02 05:45:30
2344114853447906122,1,0,9,2021-01-28 16:34:26
8198815450783702119,27,38,564,2021-01-27 23:53:09
3744897259850064646,2,1,19,2020-10-06 22:42:05
-9027214444311806296,0,1,7,2020-10-09 01:24:16
1698473520375643444,1,0,10,2020-10-24 18:18:07
-3977404929217191138,0,2,3,2020-07-15 00:17:42
8698780705990472725,0,2,4,2020-08-26 14:23:44
-2843580482915394469,0,3,6,2020-07-13 01:15:01
-5459099678085766175,0,1,8,2020-05-30 23:27:15
4764986793456651223,2,1,8,2020-04-07 00:35:32
5893548564146882335,0,2,5,2020-04-07 01:25:41
1096310401729857289,11,10,157,2020-04-07 00:30:04
-1616451421098465059,0,3,6,2020-04-06 13:07:39
-7869268096271029884,3,7,31,2020-03-18 07:26:06
-87734333486141851,4,3,74,2020-02-28 17:58:12
6804581734099283460,0,1,14,2020-02-10 00:55:01
6403850774552341462,4,4,13,2020-02-02 03:02:47
1984844966407674262,4,3,17,2020-01-20 04:12:53
2542838011889265921,3,6,106,2020-01-20 20:49:27
1256783263301184054,0,3,4,2020-01-22 02:43:51
-3146317999200605082,1,1,15,2020-01-23 00:12:27
-1111474481840503668,1,2,35,2020-01-23 22:55:55
-819880182056368588,2,2,8,2020-01-10 15:18:33
7209597466824896514,1,2,40,2020-01-10 15:55:11
-336031676307979309,3,1,28,2020-01-12 03:00:02
-3877826653849621698,2,3,56,2020-01-13 15:39:19
5931458118983692263,0,2,25,2020-01-14 07:19:20
3730979966965350434,1,3,56,2020-01-14 07:28:24
5948028020576733354,0,1,1,2020-01-13 04:42:11
7369768443594516170,1,3,17,2019-12-04 21:00:00
6038414810542814003,1,7,15,2019-11-19 22:14:12
-6930985220643422723,3,5,24,2019-11-15 22:49:34
-968203273862621799,0,7,36,2019-11-16 03:20:27
-1302853269097493312,67,33,420,2019-09-07 08:44:02
4012210363940695651,34,24,184,2019-08-13 13:51:31
8900422170801488738,41,45,415,2018-12-16 19:37:16
685666060232471931,732,"5,604",11.6K,2018-08-22 15:08:24
-2376791789876795852,32,333,"1,808",2018-06-15 13:50:26
-5032067688264444022,41,187,"1,126",2018-06-14 20:42:50
2192917092919590847,107,"1,803","4,517",2018-05-26 14:36:18
7385745566727183263,87,449,"1,893",2018-01-26 13:43:01
9025028995246239519,81,270,"1,422",2017-12-24 21:54:39
1899326322255984412,434,"3,183","5,216",2017-07-05 11:17:13
-8908642057654000412,88,497,"1,399",2016-10-10 18:00:31
334690140823985530,37,281,"1,035",2016-09-14 10:38:17
8256982684111179751,47,339,947,2016-09-05 18:09:21
-2693710848193325680,60,888,"2,067",2016-08-24 13:09:01
7588895889668862296,40,460,"1,152",2016-08-23 12:33:01
-4684422617594717644,54,"2,165","3,601",2016-07-10 23:19:49
-5017772668998084085,54,268,901,2016-04-20 15:31:06
7263965058896564638,31,142,615,2016-03-11 23:31:11
307748171207103641,46,198,666,2016-03-07 11:21:27
-3436210703917230882,23,161,529,2016-01-24 23:13:47
-3926448139660876492,13,141,234,2015-12-01 19:59:42
-6652142653447643974,14,66,360,2015-11-22 10:46:18
1234260391819283868,13,98,353,2015-10-27 19:30:55
1369898585776779465,23,466,792,2015-10-08 22:38:18
5287838174382422643,31,172,482,2015-09-25 14:42:40
-1978591971147425879,27,173,493,2015-09-13 15:52:10
-6619186315796143361,39,201,532,2015-09-02 18:21:27
-1763564254011795262,22,201,432,2015-07-19 20:38:48
7738426520027974340,20,171,605,2015-06-28 20:38:37
-1943638040904165337,18,179,472,2015-06-23 21:31:35
-7124763115583293106,46,541,909,2015-06-18 13:54:20
3132027756022927010,25,146,367,2015-06-17 16:40:23
4804306482760954573,25,203,487,2015-05-22 12:01:07
-2486140029025452211,114,"1,524","2,694",2015-05-19 17:13:00
5200864619868434816,115,"1,328","1,679",2015-04-22 22:45:06
-4973671545713673983,71,519,661,2015-04-21 21:15:39
-267856890228825160,11,142,319,2015-04-13 19:03:24
-6679276031923563715,45,619,"1,032",2015-03-29 23:15:39
-870727956390299800,13,185,357,2015-03-29 13:40:08
-4733937816793425417,32,401,688,2015-03-27 17:43:33
-9220593365230105493,26,247,381,2015-03-18 20:54:51
8683984891952982539,51,370,747,2015-03-12 00:14:31
-4478106730330793572,71,"2,132","2,642",2015-03-06 14:34:21
9171952759305894199,48,"1,425","1,949",2015-02-05 19:00:17
-7363297026761410728,40,314,732,2015-01-26 16:04:52
-1855258600872675052,63,926,"1,429",2015-01-23 21:18:06
3346205886710873010,16,171,419,2015-01-20 09:34:26
-3231946625490650666,15,217,467,2015-01-17 18:48:30
-8685133910638752719,100,"2,665","3,910",2015-01-13 16:04:50
-5402284412883760257,44,701,681,2014-12-24 11:58:38
-8375605173304342842,178,"2,107","2,449",2014-12-22 15:27:33
3660391464622009535,175,367,"7,691",2022-05-22 22:31:07
4113952183459565691,"1,127","3,332",27.8K,2022-04-26 14:08:29
2331231962540052256,251,"1,421",17.1K,2022-04-24 19:33:37
227732545336906894,65,107,"1,441",2022-04-19 17:01:02
-6094965804278663052,974,"2,958",31K,2022-04-18 11:07:54
1624800278386271334,513,"7,813",68.5K,2022-04-03 19:30:03
-4950228772945904118,61,679,"9,636",2022-04-03 19:30:03
3327083791516059777,"3,201","4,762",54.3K,2022-03-22 14:16:36
-6831507159751539943,"1,454","3,263",27.2K,2022-03-22 14:16:37
-7693980678750032001,"2,274","1,826",34.4K,2022-03-22 14:16:37
-6623083617600489731,46,64,511,2022-02-18 14:02:30
2095736846754644230,313,399,"2,927",2022-02-18 14:00:00
-8841486322461598256,78,127,"1,197",2022-02-08 15:06:11
6083959095571454883,757,"6,677",66.6K,2022-02-03 16:16:15
-4856298799962049555,73,206,"1,506",2022-02-02 18:51:14
-1165447839673718283,979,"2,156",20.6K,2022-02-02 18:46:22
7929935009306136573,650,"1,016",11K,2022-01-18 04:44:59
2003315383174315520,362,752,15.6K,2022-01-16 04:34:24
3287086691959871029,356,480,"3,549",2022-01-15 05:45:43
-1653414659778188081,253,301,"3,390",2022-01-13 08:34:21
5815424586909295080,"2,272","3,913",38.9K,2022-01-09 13:02:54
6116844769529388920,"5,005","7,945",72.6K,2021-12-31 08:06:58
7349220220360028216,148,193,"1,778",2021-12-23 21:26:31
-1646481507590267418,"3,299","4,745",23.6K,2021-12-20 10:46:40
-4463960166781821436,220,466,"4,971",2021-12-20 10:46:40
6777091480415825275,662,521,"7,855",2021-12-20 10:46:41
-1801774872027410999,208,561,"7,138",2021-12-17 12:52:13
568663170882069779,89,500,"5,267",2021-12-13 15:48:30
-1298044469150165101,"1,240","3,671",27.7K,2021-12-11 15:42:39
-8333119678460997065,122,"1,040","6,972",2021-12-11 15:42:40
5917923874055606837,64,175,"1,337",2021-12-09 18:43:26
195044196313620646,122,295,"2,605",2021-11-25 19:37:31
-6804764391125695284,189,440,"5,023",2021-11-17 20:01:17
-7345261271262477376,81,197,"1,989",2021-11-05 13:14:57
4252625998307583892,"3,077",18.2K,62.3K,2021-10-26 16:12:43
-6903107063283468373,77,280,"3,063",2021-10-25 16:00:55
-1087299502121283622,66,225,"2,364",2021-10-20 14:19:39
-4917505852513883334,40,125,"1,094",2021-10-19 16:57:17
-548754206184379977,216,509,"7,787",2021-10-13 21:26:46
-8832329586519598007,137,"2,764",23.7K,2021-10-05 19:19:54
-3412304480474068043,431,"2,524",15.3K,2021-09-22 11:45:56
-8279304832270301484,84,241,"2,149",2021-09-21 17:07:40
-3193072369234706364,163,380,"7,305",2021-09-17 16:01:33
1917517877878611483,96,435,"3,167",2021-09-16 11:01:54
7025415139661207546,7,70,446,2021-09-13 10:34:37
5024121090494414132,91,241,"3,224",2021-09-01 21:26:51
4404940319919913282,67,225,"2,767",2021-08-26 13:24:46
6523637755777155174,"3,522","9,849",71.6K,2021-08-20 10:14:56
-3954013763689801250,74,494,"8,221",2021-08-20 10:14:59
7142859819108060561,934,973,13.7K,2021-08-20 10:14:59
6877204658743393817,83,263,"3,400",2021-08-07 00:12:43
4135355566461764799,85,627,10.5K,2021-07-26 08:29:18
-2538833754531863532,"7,421","9,216",46.1K,2021-10-08 04:40:53
6976446318477436540,"4,942","5,934",54.4K,2022-02-16 03:05:25
-5222594810657437572,"1,064","2,642",17.3K,2021-12-31 05:00:00
-3671850884275394046,"2,903",10.1K,38.1K,2021-12-30 22:33:21
-8248165997824680598,437,10.1K,49.6K,2021-12-30 05:00:00
9206269743199619601,547,"1,223","8,824",2021-12-23 00:26:44
-5252477071028191286,"3,474","5,166",29.1K,2021-12-22 00:17:53
9058564876188998427,493,"2,385",11.4K,2021-12-17 08:52:07
-1150270017156875722,411,"1,651","7,192",2021-12-13 18:03:35
-699308771092060053,711,"3,899",28.5K,2021-12-13 17:36:04
-4089261127482182706,635,"5,010",32.3K,2021-12-13 17:33:29
2596653153164445898,"1,869",19.4K,130.4K,2021-12-13 17:30:19
2851136252824456169,316,"2,045","9,923",2021-12-09 19:37:22
-3210535687216738354,403,"9,810",27.6K,2021-12-07 07:08:33
84122274239321333,"1,200",46.1K,144K,2021-12-07 07:08:29
-3797878583013377809,779,"6,385",72.6K,2021-12-06 20:30:00
4086812704075931423,705,"4,098",49.1K,2021-12-06 19:32:07
6214932485320767082,698,"3,075",25.1K,2021-12-06 19:26:53
-4623638188222177341,"1,215","6,067",39.5K,2021-12-04 17:03:57
-4030491037719872923,666,"4,279",20.4K,2021-12-03 16:40:09
-2691185008200612010,"1,150","5,762",31K,2021-12-02 18:33:26
-3686008635827346041,"1,853","8,897",62.3K,2021-12-02 02:59:31
2131981634895168117,597,"4,502",44K,2021-11-29 19:04:57
-8168330897277442515,612,"1,891",17.9K,2021-11-25 00:10:31
2150832547840686930,"1,697",11.9K,82.5K,2021-11-25 00:08:12
7021823388156844177,"1,933",23.3K,127K,2021-11-22 21:20:17
-6563865068381287099,267,"6,488",43.4K,2021-11-22 21:20:18
393180538593507214,587,"6,942",42.8K,2021-11-22 21:20:19
4120460388307578264,"2,038","9,734",40K,2021-11-22 18:06:24
5146140260557632815,"1,471","7,557",63.4K,2021-11-21 18:05:37
5743816757846053740,261,"2,849",25.6K,2021-11-21 18:05:38
-2104988228868832154,679,"3,197",21.1K,2021-11-21 00:45:38
-4869075780131737404,707,"3,002",14.6K,2021-11-19 21:57:03
-3339067240267344081,"1,190","2,806",14.1K,2021-11-19 02:06:16
3614688755493220005,535,"3,175",22.4K,2021-11-18 23:42:03
7736104411885024373,212,"1,440",10.3K,2021-11-18 23:42:04
-713023235763932532,632,"3,339",19.7K,2021-11-18 17:59:08
6620724924062877916,"1,229","3,595",20.4K,2021-11-18 16:37:39
43459834229327564,822,"5,590",39.3K,2021-11-17 21:40:24
1335529125848886178,337,"2,874",18.7K,2021-11-17 21:40:26
8566195914543395833,694,"4,047",29.4K,2021-11-17 21:29:52
-4547722338908623733,"1,343","7,066",63.4K,2021-11-17 21:17:27
-3180400553672757627,578,"1,615","6,757",2021-11-17 17:00:00
263631165402968449,613,"2,329",12.1K,2021-11-17 17:16:12
-780721563829063699,140,"1,907",10.1K,2021-11-15 23:16:50
-1216400548251611534,"6,212",33.7K,82.5K,2021-11-15 14:54:59
-4589029189490048152,446,"3,717",17.6K,2021-11-15 14:55:01
5678980593729055073,187,"2,046","9,891",2021-11-09 18:29:15
6645885474943194192,124,"1,106","5,814",2021-11-14 20:58:17
6845420143365052857,849,"6,683",24.1K,2021-11-10 15:00:02
-4899480508230958135,"1,222","6,331",58.3K,2021-11-10 15:14:49
-5987933006119412927,7,43,58,2022-05-24 23:00:54
774441047972328947,5,7,35,2022-05-31 20:08:00
-4755257499795341438,1,11,22,2022-05-31 16:57:26
-7489770305961697368,3,8,19,2022-05-29 13:00:08
6177632523605250835,1,9,23,2022-05-28 13:00:07
-5301024949020790816,5,16,39,2022-05-27 13:00:12
3212561078472302347,0,9,15,2022-05-26 17:32:00
6513219295113358178,2,9,19,2022-05-26 14:00:23
6552569235194416709,1,4,12,2022-05-26 14:02:05
2674811731979337806,2,23,67,2022-05-25 20:09:41
-6508675326384270128,3,32,64,2022-05-24 21:02:53
-5428261338718790108,1,6,20,2022-05-24 14:26:37
2206034486310132180,6,19,35,2022-05-23 13:02:57
-8796978017679032474,2,2,9,2022-05-23 13:02:58
7880393512437620207,1,2,7,2022-05-23 13:02:58
-7489835143014701145,2,18,37,2022-05-22 12:13:52
-1304986329013471177,2,2,14,2022-05-21 13:00:07
-6373240429506341197,3,12,18,2022-05-20 22:01:09
-4333216091529148105,2,2,4,2022-05-20 22:01:10
7102751585568324561,1,0,2,2022-05-20 22:01:10
-4178063961603604065,1,9,19,2022-05-20 19:03:21
6080607717389769537,0,2,9,2022-05-20 19:04:04
-7512200290898420709,4,16,40,2022-05-19 17:00:54
1338495944070376564,0,11,18,2022-05-19 13:42:45
5668750561657964684,1,8,26,2022-05-18 15:05:19
5737031597080086744,0,11,18,2022-05-18 12:00:32
-8456570363053431971,4,7,30,2022-05-17 14:35:56
8041483866352170979,1,12,35,2022-05-15 13:00:06
9135869559302227094,6,14,19,2022-05-14 13:00:33
5528122512265672728,2,16,32,2022-05-13 14:21:47
2805203853784395323,1,5,25,2022-05-12 19:00:13
-6657045822281498188,0,11,17,2022-05-12 14:06:07
340642916266013436,4,32,54,2022-05-12 13:40:23
8277231655445647984,0,6,20,2022-05-11 16:00:01
-5463534956564290263,2,2,11,2022-05-11 19:02:01
5279970259109862364,0,9,29,2022-05-11 16:33:32
-545733542613054482,1,5,23,2022-05-11 16:01:41
-7531765607413798369,0,7,22,2022-05-11 14:06:33
-6764471167807836466,2,11,27,2022-05-10 11:48:22
-2475587895832835001,4,30,42,2022-05-09 16:32:44
-8564928409613964913,1,13,45,2022-05-08 12:00:14
-200839348130227328,0,10,25,2022-05-07 16:28:28
-7817000424461240936,1,9,24,2022-05-07 13:00:36
-528876872007956719,5,6,20,2022-05-06 15:10:46
6605092406700994859,2,14,53,2022-05-06 12:58:58
-1993181014449966924,1,2,9,2022-05-06 12:59:01
8800356650391096292,0,3,10,2022-05-06 12:59:03
4898937795044951045,2,15,42,2022-05-05 21:35:05
-6861767899558569164,2,2,22,2022-05-05 15:01:33
-4126213030308345261,0,9,20,2022-05-05 13:44:02
-4796697969358909572,2,7,16,2022-05-04 21:04:31
